-- phpMyAdmin SQL Dump
-- version 5.2.3
-- https://www.phpmyadmin.net/
--
-- Хост: localhost
-- Время создания: Дек 17 2025 г., 21:39
-- Версия сервера: 5.7.39
-- Версия PHP: 7.2.34

SET SQL_MODE = "NO_AUTO_VALUE_ON_ZERO";
START TRANSACTION;
SET time_zone = "+00:00";


/*!40101 SET @OLD_CHARACTER_SET_CLIENT=@@CHARACTER_SET_CLIENT */;
/*!40101 SET @OLD_CHARACTER_SET_RESULTS=@@CHARACTER_SET_RESULTS */;
/*!40101 SET @OLD_COLLATION_CONNECTION=@@COLLATION_CONNECTION */;
/*!40101 SET NAMES utf8mb4 */;

--
-- База данных: `dogpanel`
--

-- --------------------------------------------------------

--
-- Структура таблицы `breeds`
--

CREATE TABLE `breeds` (
  `id` int(11) NOT NULL,
  `name` varchar(100) NOT NULL,
  `slug` varchar(80) DEFAULT NULL,
  `image_url` varchar(255) DEFAULT NULL,
  `short_desc` varchar(255) DEFAULT NULL,
  `content_html` mediumtext
) ENGINE=InnoDB DEFAULT CHARSET=utf8mb4;

--
-- Дамп данных таблицы `breeds`
--

INSERT INTO `breeds` (`id`, `name`, `slug`, `image_url`, `short_desc`, `content_html`) VALUES
(1, 'Самоед', 'samoyed', 'https://cdn.profile.ru/wp-content/uploads/2021/06/Samoedskaya-sobaka.jpg', 'Северный пушистик-улыбака: дружелюбный, активный, семейный.', '<h3>Характер</h3><ul><li>Очень общительный и ориентирован на людей</li><li>Энергичный, любит игры и внимание</li></ul><h3>Уход</h3><ul><li>Регулярное вычёсывание (особенно в линьку)</li><li>Длинные прогулки и умственная нагрузка</li></ul><h3>Кому подойдёт</h3><p>Активной семье, которая любит прогулки и общение с собакой.</p>'),
(2, 'Немецкая овчарка', 'german-shepherd', 'https://i.pinimg.com/736x/97/a2/3f/97a23f867c347604fb542e98c624e2b8.jpg', 'Умная и рабочая собака: охрана, спорт, служба и верность.', '<h3>Характер</h3><ul><li>Умная, обучаемая, преданная</li><li>Нуждается в воспитании и социализации</li></ul><h3>Активность</h3><ul><li>Любит тренировки, задачи и спорт</li><li>Без нагрузки может скучать и “шалить”</li></ul><h3>Кому подойдёт</h3><p>Тем, кто готов заниматься дрессировкой и регулярно нагружать собаку.</p>'),
(3, 'Лабрадор ретривер', 'labrador-retriever', 'https://avatars.mds.yandex.net/i?id=f07d9f0e0f727a66a66ed974d1bbf57e_l-5666076-images-thumbs&n=13', 'Добряк-компаньон: идеален для семьи, любит людей и воду.', '<h3>Характер</h3><ul><li>Дружелюбный, терпеливый, контактный</li><li>Отлично ладит с детьми</li></ul><h3>Уход</h3><ul><li>Контроль веса (склонен к перееданию)</li><li>Регулярные прогулки и игры</li></ul><h3>Кому подойдёт</h3><p>Семьям и всем, кто хочет надёжного и ласкового друга.</p>'),
(4, 'Золотистый ретривер', 'golden-retriever', 'https://avatars.mds.yandex.net/i?id=73a4296075bd71441dcedbe7cf0892cf_l-4884345-images-thumbs&n=13', 'Солнечный пёс: мягкий характер, интеллект, семейный компаньон.', '<h3>Характер</h3><ul><li>Спокойный, ласковый, ориентирован на человека</li><li>Хорошо обучается без жёсткости</li></ul><h3>Уход</h3><ul><li>Шерсть требует вычёсывания</li><li>Нужны прогулки и игры</li></ul><h3>Кому подойдёт</h3><p>Почти всем: отличный “первый пёс” при правильном уходе.</p>'),
(5, 'Хаски', 'husky', 'https://ir.ozone.ru/s3/multimedia-1-5/8152968425.jpg', 'Северный атлет: выносливый, независимый, очень активный.', '<h3>Характер</h3><ul><li>Дружелюбный, но самостоятельный</li><li>Может “разговаривать” и проявлять характер</li></ul><h3>Активность</h3><ul><li>Нужны пробежки/спорт/длинные прогулки</li><li>Любит копать, бегать и исследовать</li></ul><h3>Кому подойдёт</h3><p>Активным людям: если ты “диванный”, хаски тебя переиграет 😄</p>'),
(6, 'Дог', 'mixed', 'https://images.unsplash.com/photo-1548199973-03cce0bbc87b?auto=format&fit=crop&w=1200&q=80', 'Дворняга/метис: характер уникален, часто крепкое здоровье и ум.', '<h3>Почему метисы крутые</h3><ul><li>Часто выносливые и адаптивные</li><li>У каждой собаки свой характер — можно “подобрать под себя”</li></ul><h3>Уход</h3><p>Зависит от размера, шерсти и темперамента конкретной собаки.</p><h3>Кому подойдёт</h3><p>Тем, кто хочет уникального друга без “шаблона породы”.</p>'),
(7, 'Корги', 'corgi', 'http://avatars.dzeninfra.ru/get-zen_brief/271828/pub_667191056b7e0f634b009661_667191056b7e0f634b009662/smart_crop_516x290', 'Компактный пастух: умный, бодрый, харизматичный “батончик”.', '<h3>Характер</h3><ul><li>Очень контактный и умный</li><li>Любит играть и учиться</li></ul><h3>Особенности</h3><ul><li>Следи за весом — спина важна</li><li>Нужна активность, несмотря на размер</li></ul><h3>Кому подойдёт</h3><p>Тем, кто хочет маленькую, но “настоящую” рабочую собаку-компаньона.</p>'),
(8, 'Мопс', 'pug', 'https://russian7.ru/wp-content/uploads/2023/10/Mops.jpg', 'Домашний комик: ласковый, спокойный, любит уют и людей.', '<h3>Характер</h3><ul><li>Очень семейный, любит внимание</li><li>Обычно спокойнее, чем активные породы</li></ul><h3>Уход и здоровье</h3><ul><li>Следить за дыханием и жарой</li><li>Контроль веса и аккуратные прогулки</li></ul><h3>Кому подойдёт</h3><p>Тем, кто хочет дружелюбного компаньона и готов следить за режимом.</p>');

-- --------------------------------------------------------

--
-- Структура таблицы `dogs`
--

CREATE TABLE `dogs` (
  `id` int(11) NOT NULL,
  `name` varchar(100) NOT NULL,
  `breed_id` int(11) DEFAULT NULL,
  `age` int(11) DEFAULT NULL,
  `price` decimal(10,2) DEFAULT NULL,
  `description` text,
  `main_photo` varchar(255) DEFAULT NULL,
  `created_at` datetime DEFAULT CURRENT_TIMESTAMP
) ENGINE=InnoDB DEFAULT CHARSET=utf8mb4;

--
-- Дамп данных таблицы `dogs`
--

INSERT INTO `dogs` (`id`, `name`, `breed_id`, `age`, `price`, `description`, `main_photo`, `created_at`) VALUES
(1, 'Ральф', 2, 4, NULL, NULL, 'dog_1765542776_4333.jpg', '2025-12-09 23:34:17'),
(3, 'Аркадий', 8, 2, 10000.00, NULL, 'dog_1765397754_6265.jpg', '2025-12-10 23:15:54'),
(4, 'Игнат', 5, 1, 5000.00, NULL, 'dog_1765538361_3380.jpg', '2025-12-12 14:19:21'),
(6, 'Снежок', 1, 2, 75000.00, 'Белоснежный самоед с дружелюбным характером', 'dog_1765917467_8036.jpg', '2025-12-13 18:10:25'),
(7, 'Айси', 1, 1, 72000.00, 'Очень пушистый и активный', 'dog_1765917472_9163.jpg', '2025-12-13 18:10:25'),
(8, 'Рекс', 2, 3, 68000.00, 'Надёжный и умный пёс', 'dog_1765917502_5278.jpg', '2025-12-13 18:10:25'),
(9, 'Грета', 2, 2, 70000.00, 'Отлично поддаётся дрессировке', 'dog_1765917507_7024.jpg', '2025-12-13 18:10:25'),
(10, 'Лаки', 3, 1, 60000.00, 'Дружелюбный лабрадор', 'dog_1765917538_4476.jpg', '2025-12-13 18:10:25'),
(11, 'Чарли', 3, 2, NULL, 'Цена уточняется', 'dog_1765917547_5207.jpg', '2025-12-13 18:10:25'),
(12, 'Голд', 4, 2, 82000.00, 'Золотистый ретривер, очень спокойный', 'dog_1765917577_7346.webp', '2025-12-13 18:10:25'),
(13, 'Санди', 4, 1, 79000.00, 'Идеален для семьи', 'dog_1765917584_3180.webp', '2025-12-13 18:10:25'),
(14, 'Макс', 5, 2, 70000.00, 'Выносливый и энергичный хаски', 'dog_1765917621_4854.webp', '2025-12-13 18:10:25'),
(15, 'Айка', 5, 1, 68000.00, 'Любит долгие прогулки', 'dog_1765917628_3143.jpg', '2025-12-13 18:10:25'),
(16, 'Тор', 6, 3, 90000.00, 'Крупный и спокойный дог', 'dog_1765917748_2824.jpg', '2025-12-13 18:10:25'),
(17, 'Плюш', 7, 1, 55000.00, 'Милый корги с короткими лапами', 'dog_1765917672_2983.jpg', '2025-12-13 18:10:25'),
(18, 'Рыжик', 7, 2, 53000.00, 'Очень контактный', 'dog_1765917678_7313.jpg', '2025-12-13 18:10:25'),
(19, 'Бублик', 8, 2, 45000.00, 'Весёлый мопс', 'dog_1765917705_3551.jpg', '2025-12-13 18:10:25'),
(20, 'Пончик', 8, 1, NULL, 'Цена по запросу', 'dog_1765917710_1746.jpg', '2025-12-13 18:10:25');

-- --------------------------------------------------------

--
-- Структура таблицы `dog_photos`
--

CREATE TABLE `dog_photos` (
  `id` int(11) NOT NULL,
  `dog_id` int(11) NOT NULL,
  `filename` varchar(255) NOT NULL,
  `created_at` datetime DEFAULT CURRENT_TIMESTAMP
) ENGINE=InnoDB DEFAULT CHARSET=utf8mb4;

-- --------------------------------------------------------

--
-- Структура таблицы `gallery_photos`
--

CREATE TABLE `gallery_photos` (
  `id` int(11) NOT NULL,
  `filename` varchar(255) NOT NULL,
  `uploaded_at` timestamp NULL DEFAULT CURRENT_TIMESTAMP
) ENGINE=InnoDB DEFAULT CHARSET=utf8mb4;

--
-- Дамп данных таблицы `gallery_photos`
--

INSERT INTO `gallery_photos` (`id`, `filename`, `uploaded_at`) VALUES
(1, 'gallery_1765399490_9206.jpg', '2025-12-10 20:44:50'),
(2, 'gallery_1765399495_3268.jpg', '2025-12-10 20:44:55'),
(3, 'gallery_1765399497_7843.jpg', '2025-12-10 20:44:57'),
(4, 'gallery_1765399500_8963.jpg', '2025-12-10 20:45:00'),
(5, 'gallery_1765402399_2238.jpg', '2025-12-10 21:33:19'),
(6, 'gallery_1765402403_8698.jpg', '2025-12-10 21:33:23'),
(7, 'gallery_1765402435_9480.jpg', '2025-12-10 21:33:55'),
(8, 'gallery_1765544503_6162.jpg', '2025-12-12 13:01:43');

-- --------------------------------------------------------

--
-- Структура таблицы `news`
--

CREATE TABLE `news` (
  `id` int(11) NOT NULL,
  `title` varchar(255) NOT NULL,
  `body` text,
  `image` varchar(255) DEFAULT NULL,
  `created_at` datetime DEFAULT CURRENT_TIMESTAMP
) ENGINE=InnoDB DEFAULT CHARSET=utf8mb4;

--
-- Дамп данных таблицы `news`
--

INSERT INTO `news` (`id`, `title`, `body`, `image`, `created_at`) VALUES
(1, 'Новые собаки!', NULL, 'news_1765545604_6526.jpg', '2025-12-12 16:20:04');

-- --------------------------------------------------------

--
-- Структура таблицы `reviews`
--

CREATE TABLE `reviews` (
  `id` int(11) NOT NULL,
  `name` varchar(100) NOT NULL,
  `email` varchar(150) DEFAULT NULL,
  `message` text NOT NULL,
  `approved` tinyint(1) DEFAULT '0',
  `created_at` datetime DEFAULT CURRENT_TIMESTAMP
) ENGINE=InnoDB DEFAULT CHARSET=utf8mb4;

-- --------------------------------------------------------

--
-- Структура таблицы `users`
--

CREATE TABLE `users` (
  `id` int(11) NOT NULL,
  `username` varchar(50) NOT NULL,
  `password` varchar(255) NOT NULL,
  `created_at` datetime DEFAULT CURRENT_TIMESTAMP
) ENGINE=InnoDB DEFAULT CHARSET=utf8mb4;

--
-- Дамп данных таблицы `users`
--

INSERT INTO `users` (`id`, `username`, `password`, `created_at`) VALUES
(1, 'admin', 'ilovedogs', '2025-12-09 23:26:14');

--
-- Индексы сохранённых таблиц
--

--
-- Индексы таблицы `breeds`
--
ALTER TABLE `breeds`
  ADD PRIMARY KEY (`id`),
  ADD UNIQUE KEY `slug` (`slug`);

--
-- Индексы таблицы `dogs`
--
ALTER TABLE `dogs`
  ADD PRIMARY KEY (`id`),
  ADD KEY `fk_dogs_breed` (`breed_id`);

--
-- Индексы таблицы `dog_photos`
--
ALTER TABLE `dog_photos`
  ADD PRIMARY KEY (`id`),
  ADD KEY `fk_dog_photos_dog` (`dog_id`);

--
-- Индексы таблицы `gallery_photos`
--
ALTER TABLE `gallery_photos`
  ADD PRIMARY KEY (`id`);

--
-- Индексы таблицы `news`
--
ALTER TABLE `news`
  ADD PRIMARY KEY (`id`);

--
-- Индексы таблицы `reviews`
--
ALTER TABLE `reviews`
  ADD PRIMARY KEY (`id`);

--
-- Индексы таблицы `users`
--
ALTER TABLE `users`
  ADD PRIMARY KEY (`id`),
  ADD UNIQUE KEY `username` (`username`);

--
-- AUTO_INCREMENT для сохранённых таблиц
--

--
-- AUTO_INCREMENT для таблицы `breeds`
--
ALTER TABLE `breeds`
  MODIFY `id` int(11) NOT NULL AUTO_INCREMENT, AUTO_INCREMENT=9;

--
-- AUTO_INCREMENT для таблицы `dogs`
--
ALTER TABLE `dogs`
  MODIFY `id` int(11) NOT NULL AUTO_INCREMENT, AUTO_INCREMENT=21;

--
-- AUTO_INCREMENT для таблицы `dog_photos`
--
ALTER TABLE `dog_photos`
  MODIFY `id` int(11) NOT NULL AUTO_INCREMENT;

--
-- AUTO_INCREMENT для таблицы `gallery_photos`
--
ALTER TABLE `gallery_photos`
  MODIFY `id` int(11) NOT NULL AUTO_INCREMENT, AUTO_INCREMENT=9;

--
-- AUTO_INCREMENT для таблицы `news`
--
ALTER TABLE `news`
  MODIFY `id` int(11) NOT NULL AUTO_INCREMENT, AUTO_INCREMENT=2;

--
-- AUTO_INCREMENT для таблицы `reviews`
--
ALTER TABLE `reviews`
  MODIFY `id` int(11) NOT NULL AUTO_INCREMENT;

--
-- AUTO_INCREMENT для таблицы `users`
--
ALTER TABLE `users`
  MODIFY `id` int(11) NOT NULL AUTO_INCREMENT, AUTO_INCREMENT=2;

--
-- Ограничения внешнего ключа сохраненных таблиц
--

--
-- Ограничения внешнего ключа таблицы `dogs`
--
ALTER TABLE `dogs`
  ADD CONSTRAINT `fk_dogs_breed` FOREIGN KEY (`breed_id`) REFERENCES `breeds` (`id`) ON DELETE SET NULL;

--
-- Ограничения внешнего ключа таблицы `dog_photos`
--
ALTER TABLE `dog_photos`
  ADD CONSTRAINT `fk_dog_photos_dog` FOREIGN KEY (`dog_id`) REFERENCES `dogs` (`id`) ON DELETE CASCADE;
COMMIT;

/*!40101 SET CHARACTER_SET_CLIENT=@OLD_CHARACTER_SET_CLIENT */;
/*!40101 SET CHARACTER_SET_RESULTS=@OLD_CHARACTER_SET_RESULTS */;
/*!40101 SET COLLATION_CONNECTION=@OLD_COLLATION_CONNECTION */;
